AppId,Name,PlayerCount,TotalPlaytimeMinutes,AveragePlaytimeMinutes
730,Counter-Strike 2,768,21734485,28300.1
578080,PUBG: BATTLEGROUNDS,698,21953710,31452.3
570,Dota 2,276,16875685,61143.8
271590,Grand Theft Auto V Legacy,216,4122423,19085.3
433850,Z1 Battle Royale,135,794386,5884.3
431960,Wallpaper Engine,134,722092,5388.7
359550,Tom Clancy's Rainbow Six Siege,118,3580596,30344.0
1172470,Apex Legends,99,1773186,17911.0
1599340,Lost Ark,91,524384,5762.5
252490,Rust,90,3729855,41442.8
4000,Garry's Mod,86,2737865,31835.6
304930,Unturned,83,928525,11187.0
550,Left 4 Dead 2,83,329513,3970.0
230410,Warframe,75,1151454,15352.7
227300,Euro Truck Simulator 2,66,689101,10440.9
105600,Terraria,64,974535,15227.1
218620,PAYDAY 2,61,1007073,16509.4
444090,Paladins,57,222269,3899.5
755790,Ring of Elysium,55,55173,1003.1
477160,Human Fall Flat,54,83641,1548.9
346110,ARK: Survival Evolved,51,2223394,43596.0
1938090,Call of Duty®,51,671399,13164.7
1085660,Destiny 2,48,1197832,24954.8
582010,Monster Hunter: World,47,659805,14038.4
2358720,Black Myth: Wukong,46,201270,4375.4
10,Counter-Strike,45,609490,13544.2
240,Counter-Strike: Source,44,716561,16285.5
381210,Dead by Daylight,42,912638,21729.5
322330,Don't Starve Together,42,177849,4234.5
291550,Brawlhalla,41,251614,6136.9
242760,The Forest,41,168008,4097.8
292030,The Witcher 3: Wild Hunt,38,256900,6760.5
236390,War Thunder,37,672665,18180.1
1568590,Goose Goose Duck,37,123595,3340.4
252950,Rocket League,36,1049099,29141.6
1245620,ELDEN RING,34,369086,10855.5
2923300,Banana,33,2471070,74880.9
552990,World of Warships,33,35105,1063.8
1174180,Red Dead Redemption 2,29,274298,9458.6
221100,DayZ,26,1158856,44571.4
1238810,Battlefield™ V,26,102354,3936.7
945360,Among Us,26,91575,3522.1
1203220,NARAKA: BLADEPOINT,25,660237,26409.5
1281930,tModLoader,25,237564,9502.6
289070,Sid Meier's Civilization VI,25,217999,8720.0
1329410,雀魂麻将(MahjongSoul),25,160343,6413.7
1623730,Palworld,25,152199,6088.0
550650,Black Squad,25,51467,2058.7
107410,Arma 3,24,976159,40673.3
1091500,Cyberpunk 2077,24,172673,7194.7
1046930,Dota Underlords,24,86339,3597.5
444200,World of Tanks Blitz,23,320769,13946.5
227940,Heroes & Generals,23,93990,4086.5
440,Team Fortress 2,22,722974,32862.5
1097150,Fall Guys,22,31369,1425.9
251570,7 Days to Die,20,274185,13709.3
1468810,鬼谷八荒 Tale of Immortal,20,130597,6529.9
648800,Raft,20,84262,4213.1
291480,Warface: Clutch,20,51679,2584.0
351940,The Descendant,20,5126,256.3
413150,Stardew Valley,19,138882,7309.6
239140,Dying Light,19,113669,5982.6
1426210,It Takes Two,19,33579,1767.3
397900,Business Tour - Online Multiplayer Board Game,19,26962,1419.1
3419430,Bongo Cat,18,1518148,84341.6
1418630,Dread Hunger,18,212187,11788.2
10190,Call of Duty: Modern Warfare 2 (2009) - Multiplayer,18,175596,9755.3
261550,Mount & Blade II: Bannerlord,16,211158,13197.4
439700,H1Z1: Test Server,16,1810,113.1
466240,Deceit,15,7285,485.7
1172620,Sea of Thieves,14,139366,9954.7
255710,Cities: Skylines,14,123393,8813.8
892970,Valheim,14,110916,7922.6
739630,Phasmophobia,14,98307,7021.9
295110,Just Survive,14,57166,4083.3
202990,Call of Duty: Black Ops II - Multiplayer,13,118159,9089.2
49520,Borderlands 2,13,102784,7906.5
1086940,Baldur's Gate 3,13,81883,6298.7
301520,Robocraft,13,59154,4550.3
72850,The Elder Scrolls V: Skyrim,13,45978,3536.8
304390,FOR HONOR,13,22348,1719.1
250900,The Binding of Isaac: Rebirth,12,312958,26079.8
322170,Geometry Dash,12,244298,20358.2
513710,SCUM,12,202558,16879.8
779340,Total War: THREE KINGDOMS,12,176209,14684.1
42690,Call of Duty®: Modern Warfare® 3 (2011) - Multiplayer,12,122487,10207.3
108600,Project Zomboid,12,113479,9456.6
812140,Assassin's Creed Odyssey,12,69742,5811.8
438100,VRChat,12,43075,3589.6
80,Counter-Strike: Condition Zero,12,36031,3002.6
203160,Tomb Raider,12,11326,943.8
224260,No More Room in Hell,12,9954,829.5
1930,Two Worlds: Epic Edition,12,4850,404.2
393380,Squad,11,347047,31549.7
394360,Hearts of Iron IV,11,308087,28007.9
238960,Path of Exile,11,191446,17404.2
646570,Slay the Spire,11,162148,14740.7
700330,SCP: Secret Laboratory,11,122827,11166.1
374320,DARK SOULS™ III,11,108843,9894.8
304050,Trove,11,101480,9225.5
766570,Russian Fishing 4,11,63603,5782.1
814380,Sekiro™: Shadows Die Twice,11,55967,5087.9
244210,Assetto Corsa,11,54128,4920.7
620,Portal 2,11,50036,4548.7
386360,SMITE,11,49953,4541.2
231430,Company of Heroes 2,11,38985,3544.1
1504980,It Takes Two Friend's Pass,11,9733,884.8
863550,HITMAN™ 2,11,7279,661.7
7520,Two Worlds II HD,11,4580,416.4
7530,Two Worlds II Castle Defense,11,3356,305.1
2139460,Once Human,10,262494,26249.4
363970,Clicker Heroes,10,179261,17926.1
48700,Mount & Blade: Warband,10,162926,16292.6
12210,Grand Theft Auto IV: The Complete Edition,10,101623,10162.3
489830,The Elder Scrolls V: Skyrim Special Edition,10,101586,10158.6
880940,Pummel Party,10,88626,8862.6
435150,Divinity: Original Sin 2,10,82172,8217.2
629520,Soundpad,10,72415,7241.5
1217060,Gunfire Reborn,10,53669,5366.9
3590,Plants vs. Zombies: Game of the Year,10,38786,3878.6
2507950,Delta Force,10,38660,3866.0
386180,Crossout,10,29272,2927.2
1794680,Vampire Survivors,10,24125,2412.5
1326470,Sons Of The Forest,10,17120,1712.0
273110,Counter-Strike Nexon,10,9487,948.7
1049590,Eternal Return,10,5143,514.3
569610,Distant Space,10,4228,422.8
427520,Factorio,9,195102,21678.0
594650,Hunt: Showdown 1896,9,167949,18661.0
377160,Fallout 4,9,152407,16934.1
552520,Far Cry 5,9,137848,15316.4
311210,Call of Duty: Black Ops III,9,110136,12237.3
1517290,Battlefield™ 2042,9,103187,11465.2
1089350,NBA 2K20,9,91540,10171.1
960090,Bloons TD 6,9,75060,8340.0
361420,ASTRONEER,9,35588,3954.2
270880,American Truck Simulator,9,22931,2547.9
813820,Realm Royale Reforged,9,14314,1590.4
113400,APB Reloaded,9,8912,990.2
253710,theHunter Classic,9,7895,877.2
714010,Aimlabs,9,2002,222.4
1506830,FIFA 22,8,191697,23962.1
594570,Total War: WARHAMMER II,8,142294,17786.8
365670,Blender,8,116539,14567.4
582160,Assassin's Creed Origins,8,84009,10501.1
33930,Arma 2: Operation Arrowhead,8,76549,9568.6
526870,Satisfactory,8,70976,8872.0
380600,Fishing Planet,8,61661,7707.6
1293830,Forza Horizon 4,8,46768,5846.0
275850,No Man's Sky,8,40607,5075.9
555570,Infestation: The New Z,8,33841,4230.1
222880,Insurgency,8,25238,3154.8
3167020,Escape From Duckov,8,24853,3106.6
218230,PlanetSide 2,8,18891,2361.4
990080,Hogwarts Legacy,8,17294,2161.8
884660,CRSED: Cuisine Royale,8,4657,582.1
1515950,Capcom Arcade Stadium,8,1789,223.6
236850,Europa Universalis IV,7,189606,27086.6
42710,Call of Duty: Black Ops - Multiplayer,7,109015,15573.6
1808500,ARC Raiders,7,87691,12527.3
1158310,Crusader Kings III,7,81171,11595.9
1063730,New World: Aeternum,7,65645,9377.9
447040,Watch_Dogs 2,7,57848,8264.0
1446780,MONSTER HUNTER RISE,7,53186,7598.0
2246340,Monster Hunter Wilds,7,52145,7449.3
281990,Stellaris,7,46867,6695.3
211820,Starbound,7,43520,6217.1
460930,Tom Clancy's Ghost Recon® Wildlands,7,35613,5087.6
3164500,Schedule I,7,30272,4324.6
3241660,R.E.P.O.,7,26177,3739.6
284160,BeamNG.drive,7,24947,3563.9
42700,Call of Duty: Black Ops,7,24238,3462.6
206420,Saints Row IV,7,23566,3366.6
3240220,Grand Theft Auto V Enhanced,7,20723,2960.4
42680,Call of Duty®: Modern Warfare® 3 (2011),7,17539,2505.6
1966720,Lethal Company,7,16854,2407.7
2073850,THE FINALS,7,15392,2198.9
391220,Rise of the Tomb Raider,7,11137,1591.0
220,Half-Life 2,7,10113,1444.7
1237970,Titanfall® 2,7,6587,941.0
204880,Sins of a Solar Empire: Rebellion,7,4330,618.6
841370,NBA 2K19,6,120867,20144.5
2977660,Cats,6,117039,19506.5
2807960,Battlefield™ 6,6,74345,12390.8
548430,Deep Rock Galactic,6,71855,11975.8
385760,NBA 2K17,6,65390,10898.3
2767030,Marvel Rivals,6,48916,8152.7
2357570,Overwatch®,6,47949,7991.5
8930,Sid Meier's Civilization V,6,38283,6380.5
1942280,Brotato,6,37967,6327.8
632360,Risk of Rain 2,6,35046,5841.0
1551360,Forza Horizon 5,6,22505,3750.8
349040,NARUTO SHIPPUDEN: Ultimate Ninja STORM 4,6,22227,3704.5
518790,theHunter: Call of the Wild™,6,19469,3244.8
302830,BLOCKADE 3D,6,19034,3172.3
1238840,Battlefield™ 1,6,18910,3151.7
1449850,Yu-Gi-Oh!  Master Duel,6,16943,2823.8
397540,Borderlands 3,6,14969,2494.8
387990,Scrap Mechanic,6,12020,2003.3
232090,Killing Floor 2,6,6818,1136.3
331470,Everlasting Summer,6,4101,683.5
215930,Jagged Alliance 2 - Wildfire,6,2430,405.0
506540,Last Man Standing,6,1470,245.0
70,Half-Life,6,897,149.5
1366800,Crosshair X,5,298138,59627.6
1100600,Football Manager 2020,5,243853,48770.6
306130,The Elder Scrolls Online,5,148955,29791.0
220200,Kerbal Space Program,5,121559,24311.8
552500,Warhammer: Vermintide 2,5,119529,23905.8
2344520,Diablo® IV,5,109323,21864.6
1811260,EA SPORTS™ FIFA 23,5,76171,15234.2
2878980,NBA 2K25,5,73540,14708.0
1254120,Bless Unleashed,5,73338,14667.6
1919590,NBA 2K23,5,71423,14284.6
440900,Conan Exiles,5,69080,13816.0
244850,Space Engineers,5,68277,13655.4
1366540,Dyson Sphere Program,5,67340,13468.0
1248130,Farming Simulator 22,5,63794,12758.8
214950,Total War: ROME II - Emperor Edition,5,61265,12253.0
219990,Grim Dawn,5,55559,11111.8
1364780,Street Fighter™ 6,5,50027,10005.4
577800,NBA 2K18,5,49554,9910.8
1142710,Total War: WARHAMMER III,5,47227,9445.4
1080110,F1 2020,5,46305,9261.0
212910,Call of Duty: Black Ops II - Zombies,5,45172,9034.4
958260,DEAD OR ALIVE Xtreme Venus Vacation,5,43233,8646.6
838350,The Scroll Of Taiwu,5,40513,8102.6
553850,HELLDIVERS™ 2,5,36832,7366.4
534380,Dying Light 2: Reloaded Edition,5,33401,6680.2
2349820,Hero's Land,5,28636,5727.2
588650,Dead Cells,5,27074,5414.8
365590,Tom Clancy's The Division,5,26110,5222.0
447020,Farming Simulator 17,5,24440,4888.0
233450,Prison Architect,5,22450,4490.0
286940,S.K.I.L.L. - Special Force 2,5,21279,4255.8
24960,Battlefield: Bad Company™ 2,5,19950,3990.0
601510,Yu-Gi-Oh! Duel Links,5,19613,3922.6
286160,Tabletop Simulator,5,16826,3365.2
1162520,Richman10,5,16531,3306.2
646910,The Crew 2,5,16031,3206.2
10180,Call of Duty: Modern Warfare 2 (2009),5,14835,2967.0
728880,Overcooked! 2,5,14751,2950.2
1222680,Need for Speed™ Heat,5,13930,2786.0
219740,Don't Starve,5,13895,2779.0
1422450,Deadlock,5,13243,2648.6
299360,Block N Load,5,12671,2534.2
774861,Project Winter,5,12339,2467.8
263280,Spintires®,5,12219,2443.8
1222670,The Sims™ 4,5,10814,2162.8
8190,Just Cause 2,5,9034,1806.8
1128810,RISK: Global Domination,5,7234,1446.8
663390,Rento Fortune - Multiplayer Board Game,5,6173,1234.6
333930,Dirty Bomb,5,4268,853.6
2567870,Chained Together,5,3491,698.2
269710,Tumblestone,5,3338,667.6
252150,Grimm,5,1330,266.0
424840,Little Nightmares,5,1003,200.6
20,Team Fortress Classic,5,24,4.8
1263850,Football Manager 2021,4,319989,79997.3
457140,Oxygen Not Included,4,219309,54827.3
644930,They Are Billions,4,157022,39255.5
872790,Football Manager 2019,4,136536,34134.0
624090,Football Manager 2018,4,127398,31849.5
2016590,Dark and Darker,4,123652,30913.0
1997040,MARVEL SNAP,4,108024,27006.0
2073620,Arena Breakout: Infinite,4,106892,26723.0
1454400,Cookie Clicker,4,102337,25584.3
376210,The Isle,4,88871,22217.8
1466860,Age of Empires IV: Anniversary Edition,4,83503,20875.8
563560,Alien Swarm: Reactive Drop,4,68811,17202.8
1644960,NBA 2K22,4,65065,16266.3
294100,RimWorld,4,62792,15698.0
1250,Killing Floor,4,57756,14439.0
225540,Just Cause 3,4,56805,14201.3
1118200,People Playground,4,43489,10872.3
243870,Tom Clancy's Ghost Recon Phantoms - NA,4,34874,8718.5
34330,Total War: SHOGUN 2,4,34835,8708.8
226700,Infestation: The New Beginning,4,31218,7804.5
761890,Albion Online,4,30523,7630.8
582660,Black Desert,4,30279,7569.8
100,Counter-Strike: Condition Zero Deleted Scenes,4,29762,7440.5
629760,MORDHAU,4,26189,6547.3
1296830,暖雪 Warm Snow,4,24282,6070.5
928600,F1 2019,4,20521,5130.3
367520,Hollow Knight,4,19417,4854.3
221380,Age of Empires II (2013),4,17948,4487.0
3527290,PEAK,4,15814,3953.5
1190340,SUPER PEOPLE,4,14519,3629.8
412020,Metro Exodus,4,10962,2740.5
424370,Wolcen: Lords of Mayhem,4,10747,2686.8
203770,Crusader Kings II,4,10348,2587.0
24240,PAYDAY: The Heist,4,8999,2249.8
1677740,Stumble Guys,4,7800,1950.0
207610,The Walking Dead,4,5488,1372.0
355840,Survarium,4,5462,1365.5
323190,Frostpunk,4,4945,1236.3
1782210,Crab Game,4,4602,1150.5
677620,Splitgate,4,4320,1080.0
282660,Easy eSports,4,4272,1068.0
55230,Saints Row: The Third,4,4189,1047.3
835570,Conqueror's Blade,4,3864,966.0
623990,Tom Clancy's Rainbow Six Siege - Test Server,4,3697,924.3
976800,九劫曲:诅咒之地 NINE TRIALS,4,3535,883.8
844870,KurtzPel,4,3403,850.8
280790,Creativerse,4,3151,787.8
384180,Prominence Poker,4,2784,696.0
500,Left 4 Dead,4,2391,597.8
400,Portal,4,2022,505.5
2322560,Love Is All Around,4,1940,485.0
33910,Arma 2,4,1816,454.0
273350,Evolve Stage 2,4,1762,440.5
1900,Earth 2160,4,1531,382.8
278360,A Story About My Uncle,4,1359,339.8
1483870,Draw & Guess,4,1093,273.3
238320,Outlast,4,979,244.8
34870,Sniper Ghost Warrior 2,4,898,224.5
534500,Tiger Knight: Empire War,4,697,174.3
1520470,Soul Dossier,4,689,172.3
1371580,Myth of Empires,3,166646,55548.7
1325860,VTube Studio,3,151936,50645.3
707010,Will To Live Online,3,142194,47398.0
1569040,Football Manager 2022,3,115146,38382.0
3564740,Where Winds Meet,3,110316,36772.0
991780,Notes of Soul,3,88582,29527.3
1904540,Football Manager 2023,3,83385,27795.0
1022450,War Selection,3,76630,25543.3
2694490,Path of Exile 2,3,53691,17897.0
2622380,ELDEN RING NIGHTREIGN,3,50515,16838.3
243470,Watch_Dogs,3,47624,15874.7
2195250,EA SPORTS FC™ 24,3,46782,15594.0
370240,NBA 2K16,3,40499,13499.7
1974050,Torchlight: Infinite,3,36543,12181.0
268500,XCOM 2,3,29610,9870.0
2399830,ARK: Survival Ascended,3,29269,9756.3
1465360,SnowRunner,3,26794,8931.3
1225330,NBA 2K21,3,24985,8328.3
1687950,Persona 5 Royal,3,24224,8074.7
9930,Test Drive Unlimited 2,3,22890,7630.0
379430,Kingdom Come: Deliverance,3,22480,7493.3
444640,Bloons TD Battles,3,21815,7271.7
8500,EVE Online,3,21751,7250.3
949230,Cities: Skylines II,3,20450,6816.7
220240,Far Cry® 3,3,20036,6678.7
924970,Back 4 Blood,3,19435,6478.3
1029550,Torque Drift,3,18590,6196.7
581320,Insurgency: Sandstorm,3,18297,6099.0
203140,Hitman: Absolution,3,17335,5778.3
493340,Planet Coaster,3,17153,5717.7
217980,Dishonored RHCP,3,17077,5692.3
434650,Lost Castle,3,16572,5524.0
588430,Fallout Shelter,3,14957,4985.7
673950,Farm Together,3,14193,4731.0
269210,Hero Siege,3,13474,4491.3
466560,Northgard: Definitive Edition,3,13456,4485.3
2321470,Deep Rock Galactic: Survivor,3,13339,4446.3
736190,Chinese Parents,3,13270,4423.3
601150,Devil May Cry 5,3,12905,4301.7
972660,Spiritfarer®: Farewell Edition,3,12659,4219.7
617290,Remnant: From the Ashes,3,12330,4110.0
50130,Mafia II (Classic),3,11704,3901.3
249130,LEGO® MARVEL Super Heroes,3,10860,3620.0
476620,Call of Duty: WWII - Multiplayer,3,10606,3535.3
1903340,Clair Obscur: Expedition 33,3,10448,3482.7
2215430,Ghost of Tsushima DIRECTOR'S CUT,3,10351,3450.3
307690,Sleeping Dogs: Definitive Edition,3,9837,3279.0
1928420,Farlight 84,3,9572,3190.7
208650,Batman™: Arkham Knight,3,9009,3003.0
209170,Call of Duty: Ghosts - Multiplayer,3,8988,2996.0
699130,World War Z,3,8894,2964.7
333420,Cossacks 3,3,8877,2959.0
1282100,Remnant II,3,8724,2908.0
3489700,Stellar Blade™,3,8598,2866.0
666140,My Time at Portia,3,8579,2859.7
750920,Shadow of the Tomb Raider,3,7875,2625.0
2001120,Split Fiction,3,7842,2614.0
513650,Zula Europe,3,7593,2531.0
645630,Car Mechanic Simulator 2018,3,7411,2470.3
320300,Car Mechanic Simulator 2015,3,6536,2178.7
1547000,Grand Theft Auto: San Andreas - The Definitive Edition,3,6531,2177.0
313160,Farming Simulator 15,3,6511,2170.3
815370,Green Hell,3,6038,2012.7
240720,Getting Over It with Bennett Foddy,3,6024,2008.0
998940,隐形守护者 The Invisible Guardian,3,5388,1796.0
2868840,Slay the Spire 2,3,5351,1783.7
1260320,Party Animals,3,5159,1719.7
238460,BattleBlock Theater,3,4437,1479.0
239220,The Mighty Quest For Epic Loot,3,4183,1394.3
632810,Soundpad Demo,3,3916,1305.3
1240440,Halo Infinite,3,3798,1266.0
1583320,Pro Soccer Online,3,3040,1013.3
361280,Turmoil,3,2773,924.3
490220,Prismata,3,2713,904.3
1810580,Nobody - The Turnaround,3,2219,739.7
1607250,MY HERO ULTRA RUMBLE,3,2005,668.3
644560,Mirror,3,1771,590.3
383870,Firewatch,3,1751,583.7
208140,ENDLESS™ Space - Definitive Edition,3,1614,538.0
1590320,Bro Falls: Ultimate Showdown,3,1561,520.3
544920,Darwin Project,3,1333,444.3
44350,GRID 2,3,1303,434.3
1625450,Muck,3,1256,418.7
638070,Murderous Pursuits,3,1238,412.7
674940,Stick Fight: The Game,3,1178,392.7
282070,This War of Mine,3,1153,384.3
3097560,Liar's Bar,3,1119,373.0
559650,Witch It,3,1069,356.3
343710,KHOLAT,3,918,306.0
308600,Skillshot City,3,901,300.3
249050,Dungeon of the ENDLESS™,3,899,299.7
585690,Minimalism,3,855,285.0
209660,Call of Duty: Advanced Warfare - Multiplayer,3,851,283.7
300,Day of Defeat: Source,3,771,257.0
657200,Hand Simulator,3,738,246.0
893520,CreativeDestruction,3,682,227.3
225840,Sven Co-op,3,668,222.7
438740,Friday the 13th: The Game,3,578,192.7
391460,WARMODE,3,452,150.7
223850,3DMark,3,451,150.3
530700,Argo,3,410,136.7
1665460,eFootball™,3,298,99.3
362300,Just Survive Test Server,3,96,32.0
786520,SAO Utils: Beta,2,230522,115261.0
290080,Life is Feudal: Your Own,2,178813,89406.5
482730,Football Manager 2017,2,103412,51706.0
2669320,EA SPORTS FC™ 25,2,84337,42168.5
1343400,RuneScape,2,81297,40648.5
2074920,The First Descendant,2,58201,29100.5
3199170,BLOODSTRIKE,2,48836,24418.0
453480,Shadowverse,2,43562,21781.0
2252570,Football Manager 2024,2,42172,21086.0
200210,Realm of the Mad God Exalt,2,29932,14966.0
1404210,Red Dead Online,2,29890,14945.0
211420,DARK SOULS™: Prepare To Die Edition,2,28447,14223.5
1304930,The Outlast Trials,2,27293,13646.5
1267910,Melvor Idle,2,25754,12877.0
529340,Victoria 3,2,25613,12806.5
2943650,FragPunk,2,24465,12232.5
813780,Age of Empires II: Definitive Edition,2,24081,12040.5
22380,Fallout: New Vegas,2,23647,11823.5
298610,Ylands,2,22643,11321.5
2448970,Dungeonborne,2,21729,10864.5
460920,Steep,2,21537,10768.5
335300,DARK SOULS™ II: Scholar of the First Sin,2,20475,10237.5
1874880,Arma Reforger,2,20415,10207.5
1325200,Nioh 2 – The Complete Edition,2,20255,10127.5
311690,Enter the Gungeon,2,19939,9969.5
263760,Turbo Dismount,2,19423,9711.5
234140,Mad Max,2,18817,9408.5
1144200,Ready or Not,2,18123,9061.5
805550,Assetto Corsa Competizione,2,17678,8839.0
213610,Sonic Adventure™ 2,2,17332,8666.0
1477830,HudSight - crosshair overlay,2,16873,8436.5
447820,Day of Infamy,2,16424,8212.0
1361210,"Warhammer 40,000: Darktide",2,15867,7933.5
524220,NieR:Automata™,2,15556,7778.0
1189490,觅长生,2,15054,7527.0
394690,Tower Unite,2,14961,7480.5
393420,Hurtworld,2,14842,7421.0
1203620,Enshrouded,2,14419,7209.5
1151340,Fallout 76,2,14217,7108.5
1593500,God of War,2,14153,7076.5
451340,Gold Mining Simulator,2,13639,6819.5
17390,Spore,2,12878,6439.0
261640,Borderlands: The Pre-Sequel,2,12282,6141.0
7940,Call of Duty 4: Modern Warfare (2007),2,12107,6053.5
626690,Sword Art Online: Fatal Bullet,2,11977,5988.5
10500,Total War: EMPIRE - Definitive Edition,2,11927,5963.5
20920,The Witcher 2: Assassins of Kings Enhanced Edition,2,11755,5877.5
2379780,Balatro,2,11459,5729.5
4700,Total War: MEDIEVAL II - Definitive Edition,2,11268,5634.0
955900,Amazing Cultivation Simulator,2,11097,5548.5
205100,Dishonored,2,10578,5289.0
881020,Granblue Fantasy: Relink,2,10442,5221.0
1151640,Horizon Zero Dawn™ Complete Edition,2,10109,5054.5
214510,LEGO® The Lord of the Rings™,2,9557,4778.5
356190,Middle-earth™: Shadow of War™,2,9511,4755.5
438040,Shakes and Fidget,2,9501,4750.5
39510,Gothic II: Gold Classic,2,9500,4750.0
787860,Farming Simulator 19,2,8839,4419.5
1604030,V Rising,2,8624,4312.0
418460,Rising Storm 2: Vietnam,2,8194,4097.0
346900,AdVenture Capitalist,2,8034,4017.0
228200,Company of Heroes,2,7750,3875.0
212070,Star Conflict,2,7747,3873.5
3017120,Egg Surprise,2,7727,3863.5
3405340,Megabonk,2,7319,3659.5
297000,Heroes of Might & Magic III - HD Edition,2,6812,3406.0
310560,DiRT Rally,2,6804,3402.0
920210,LEGO® Star Wars™: The Skywalker Saga,2,6566,3283.0
202170,Sleeping Dogs™,2,6406,3203.0
706990,BLOCKPOST LEGACY,2,6223,3111.5
1150690,OMORI,2,6130,3065.0
2670630,Supermarket Simulator,2,6037,3018.5
1868140,DAVE THE DIVER,2,6018,3009.0
368070,Sniper Ghost Warrior 3,2,5848,2924.0
675010,MudRunner,2,5606,2803.0
200110,Nosgoth,2,5488,2744.0
431240,Golf With Your Friends,2,5428,2714.0
21130,LEGO® Harry Potter: Years 1-4,2,5324,2662.0
418370,Resident Evil 7 Biohazard,2,5319,2659.5
2384580,DYNASTY WARRIORS: ORIGINS,2,5227,2613.5
335240,Transformice,2,5172,2586.0
10090,Call of Duty: World at War,2,5073,2536.5
994280,Gujian3(古剑奇谭三),2,5056,2528.0
705210,Cube Racer,2,4888,2444.0
751780,Forager,2,4800,2400.0
298630,The Escapists,2,4612,2306.0
1222140,Detroit: Become Human,2,4506,2253.0
287450,Rise of Nations: Extended Edition,2,4445,2222.5
1407200,World of Tanks,2,4352,2176.0
364360,Total War: WARHAMMER,2,4331,2165.5
502500,ACE COMBAT™7: SKIES UNKNOWN,2,4248,2124.0
21690,Resident Evil 5,2,4230,2115.0
334230,Town of Salem,2,4160,2080.0
28050,Deus Ex: Human Revolution,2,4100,2050.0
686810,Hell Let Loose,2,4074,2037.0
1033410,Fragsurf,2,4009,2004.5
690510,Immortal Soul: Black Survival,2,3916,1958.0
489520,Minion Masters,2,3834,1917.0
1526490,Fear Surrounds,2,3774,1887.0
285900,Gang Beasts,2,3585,1792.5
213670,South Park™: The Stick of Truth™,2,3439,1719.5
996470,eFootball PES 2020,2,3158,1579.0
305620,The Long Dark,2,3154,1577.0
312530,Duck Game,2,3150,1575.0
307780,Mortal Kombat X,2,3101,1550.5
1030840,Mafia: Definitive Edition,2,3068,1534.0
2369390,Far Cry 6,2,2975,1487.5
35140,Batman: Arkham Asylum GOTY Edition,2,2924,1462.0
1196590,Resident Evil Village,2,2884,1442.0
43110,Metro 2033,2,2796,1398.0
1282730,Loop Hero,2,2787,1393.5
209650,Call of Duty: Advanced Warfare,2,2769,1384.5
287390,Metro: Last Light Redux,2,2688,1344.0
1258080,Shop Titans,2,2676,1338.0
389430,Knight Online,2,2548,1274.0
1120810,Eastern Exorcist,2,2439,1219.5
48000,LIMBO,2,2250,1125.0
985810,GrandChase,2,2240,1120.0
313120,Stranded Deep,2,2223,1111.5
226840,Age of Wonders III,2,2110,1055.0
329000,Data Hacker: Corruption,2,2031,1015.5
823130,Totally Accurate Battlegrounds,2,2006,1003.0
209080,Guns of Icarus Online,2,2002,1001.0
292910,Deponia: The Complete Journey,2,1899,949.5
223470,POSTAL 2,2,1744,872.0
454650,DRAGON BALL XENOVERSE 2,2,1733,866.5
47870,Need for Speed: Hot Pursuit,2,1723,861.5
562810,Monopoly Plus,2,1722,861.0
436150,Governor of Poker 3,2,1651,825.5
1227890,Summer Memories,2,1612,806.0
881100,Noita,2,1559,779.5
204100,Max Payne 3,2,1538,769.0
2000950,Call of Duty®: Modern Warfare®,2,1517,758.5
1216710,Cyber Manhunt,2,1503,751.5
3764200,Resident Evil Requiem,2,1446,723.0
2433470,Romance Club,2,1435,717.5
217490,Borderlands 2 RU,2,1410,705.0
1049800,BLOCKADE,2,1379,689.5
1145360,Hades,2,1358,679.0
391540,Undertale,2,1321,660.5
445980,Wizard of Legend,2,1306,653.0
467960,Home Behind,2,1301,650.5
319830,AX:EL,2,1297,648.5
493490,City Car Driving,2,1210,605.0
312660,Sniper Elite 4,2,1182,591.0
247120,Portal 2 Sixense Perceptual Pack,2,1164,582.0
321040,DiRT 3 Complete Edition,2,1159,579.5
224600,Defiance,2,1108,554.0
50300,Spec Ops: The Line,2,1069,534.5
532110,Rusty Lake: Roots,2,1068,534.0
744900,Dead Frontier 2,2,1061,530.5
760160,Vampire: The Masquerade - Bloodhunt,2,1023,511.5
690530,Soul at Stake - 1v4,2,1013,506.5
449540,There's Poop In My Soup,2,1007,503.5
1419170,My Singing Monsters,2,930,465.0
963330,Nya Nya Nya Girls (ʻʻʻ)_(=^･ω･^=)_(ʻʻʻ),2,905,452.5
301640,Zombie Army Trilogy,2,896,448.0
286570,F1 2015,2,894,447.0
224900,Iron Sky Invasion,2,890,445.0
7510,X-Blades,2,860,430.0
3350200,Revenge on gold diggers,2,841,420.5
211050,Battle vs Chess,2,799,399.5
550900,Metin2,2,770,385.0
510840,Evolvation,2,759,379.5
504370,Battlerite,2,753,376.5
558100,Art of War: Red Tides,2,721,360.5
323370,TERA,2,718,359.0
343360,Particula,2,711,355.5
1987080,Inside the Backrooms,2,663,331.5
967050,Pacify,2,651,325.5
390670,Steel Ocean,2,644,322.0
238370,Magicka 2,2,594,297.0
209160,Call of Duty: Ghosts,2,581,290.5
444940,UBERMOSH:BLACK,2,547,273.5
592600,PRO EVOLUTION SOCCER 2018 LITE,2,547,273.5
303390,Dead Bits,2,547,273.5
30,Day of Defeat,2,544,272.0
285800,Braveland,2,423,211.5
107900,War Inc. Battlezone,2,418,209.0
11020,TrackMania Nations Forever,2,396,198.0
50,Half-Life: Opposing Force,2,345,172.5
670290,Real Pool 3D - Poolians,2,331,165.5
480430,Hide and Shriek,2,300,150.0
380840,Teeworlds,2,261,130.5
1180320,War of the Three Kingdoms,2,251,125.5
909080,Cube Escape: Paradox,2,222,111.0
231350,3DMark Demo,2,180,90.0
723780,Modern Combat Versus,2,119,59.5
319630,Life is Strange™,2,91,45.5
108710,Alan Wake,2,27,13.5
407530,ARK: Survival Of The Fittest,2,20,10.0
611500,Quake Champions,2,15,7.5
1949740,Banana Shooter,1,314817,314817.0
3037410,Fish Idle 2: Underwater Mystery,1,263795,263795.0
4890,Cossacks II: Battle for Europe,1,227632,227632.0
466170,Idling to Rule the Gods,1,97118,97118.0
295270,Football Manager 2015,1,83281,83281.0
24670,Trainz Simulator 12,1,81015,81015.0
1259970,eFootball PES 2021 SEASON UPDATE,1,78107,78107.0
1541840,古剑奇谭网络版 海外版,1,68279,68279.0
233860,Kenshi,1,59908,59908.0
1473480,A.V.A Global,1,59058,59058.0
2763740,Revolution Idle,1,58127,58127.0
914320,Swarm Simulator: Evolution,1,57415,57415.0
1138190,Poker Championship,1,55267,55267.0
327070,Gloria Victis,1,54289,54289.0
320240,We Happy Few,1,53607,53607.0
834910,ATLAS,1,49646,49646.0
363150,Romance of the Three Kingdoms XIII,1,47998,47998.0
1286830,STAR WARS™: The Old Republic™,1,41477,41477.0
1127400,Mindustry,1,40307,40307.0
836620,Black Desert (Retired),1,40196,40196.0
2761670,Sinister Night 2,1,37874,37874.0
280220,Creeper World 3: Arc Eternal,1,35566,35566.0
359320,Elite Dangerous,1,31410,31410.0
629910,Clicker Heroes 2,1,30711,30711.0
952060,Resident Evil 3,1,30311,30311.0
2667970,100 Asian Cats,1,27463,27463.0
2203070,Dragonheir: Silent Gods,1,27305,27305.0
1284410,GWENT: The Witcher Card Game,1,26740,26740.0
7670,BioShock,1,26684,26684.0
351290,SURVIVAL: Postapocalypse Now,1,23262,23262.0
2285150,The Front,1,23228,23228.0
516510,Orake Classic,1,22848,22848.0
2429640,THRONE AND LIBERTY,1,22187,22187.0
1696440,The Matchless Kungfu,1,22167,22167.0
952860,河洛群俠傳 (Ho Tu Lo Shu ： The Books of Dragon),1,21773,21773.0
848480,Creeper World 4,1,21509,21509.0
758670,Tower Accelerator,1,20957,20957.0
231670,Football Manager 2014,1,20851,20851.0
34030,Total War: NAPOLEON - Definitive Edition,1,20534,20534.0
1147660,ArcheAge: Unchained,1,20449,20449.0
3932890,Escape from Tarkov,1,20238,20238.0
389570,Mitos.is: The Game,1,18187,18187.0
325610,Total War: ATTILA,1,18164,18164.0
378860,Project CARS 2,1,16911,16911.0
33440,Driver San Francisco,1,16763,16763.0
1331550,Big Ambitions,1,16475,16475.0
625960,Stoneshard,1,16111,16111.0
2300320,Farming Simulator 25,1,15241,15241.0
899770,Last Epoch,1,14183,14183.0
205930,Hitman: Sniper Challenge,1,14169,14169.0
1092790,Inscryption,1,14118,14118.0
550470,NosTale,1,14064,14064.0
788100,Neon Abyss,1,14007,14007.0
1238000,Mass Effect™: Andromeda Deluxe Edition,1,13715,13715.0
326460,ShellShock Live,1,13711,13711.0
383980,Rivals of Aether,1,13502,13502.0
431730,Aseprite,1,13417,13417.0
552100,Brick Rigs,1,13144,13144.0
429780,Bunny Hop League,1,13039,13039.0
204120,LEGO® Harry Potter: Years 5-7,1,12755,12755.0
629730,Blade & Sorcery,1,12750,12750.0
264710,Subnautica,1,12403,12403.0
1973530,Limbus Company,1,12287,12287.0
203350,King's Bounty: Warriors of the North,1,12216,12216.0
555160,Pavlov VR,1,11960,11960.0
40970,Stronghold Crusader HD,1,11827,11827.0
607200,Tanki X,1,11811,11811.0
1778820,TEKKEN 8,1,11754,11754.0
1649730,xiuzhen idle,1,11628,11628.0
895400,Deadside,1,11458,11458.0
737800,F1 2018,1,11400,11400.0
39210,FINAL FANTASY XIV Online,1,11400,11400.0
505460,Foxhole,1,11284,11284.0
976730,Halo: The Master Chief Collection,1,10822,10822.0
2665680,Tower of Babel: Survivors of Chaos,1,10616,10616.0
703080,Planet Zoo,1,10436,10436.0
311770,LEGO® Pirates of the Caribbean The Video Game,1,9814,9814.0
223330,Sea Dogs: To Each His Own,1,9709,9709.0
1066780,Transport Fever 2,1,9512,9512.0
2162800,shapez 2,1,9398,9398.0
237370,PlayClaw 5,1,9307,9307.0
2250040,Crosshair V2,1,9281,9281.0
287700,METAL GEAR SOLID V: THE PHANTOM PAIN,1,9156,9156.0
40990,Mafia,1,9071,9071.0
1617400,The Bazaar,1,8848,8848.0
1250410,Microsoft Flight Simulator (2020),1,8777,8777.0
235600,Tom Clancy's Splinter Cell Blacklist,1,8697,8697.0
1328670,Mass Effect™ Legendary Edition,1,8497,8497.0
7200,TrackMania United Forever,1,8208,8208.0
1084600,My Time at Sandrock,1,8191,8191.0
2420110,Horizon Forbidden West™ Complete Edition,1,8172,8172.0
1108370,Ratropolis,1,7980,7980.0
2108330,F1® 23,1,7915,7915.0
267530,The LEGO® Movie - Videogame,1,7913,7913.0
1812620,DSX,1,7791,7791.0
1083500,PlanetSide 2 - Test,1,7701,7701.0
2993780,FANTASY LIFE i: The Girl Who Steals Time,1,7586,7586.0
1284190,The Planet Crafter,1,7487,7487.0
2622000,Astral Party,1,7077,7077.0
221680,Rocksmith® 2014 Edition - Remastered,1,6877,6877.0
934430,Ragnania HD,1,6661,6661.0
1668690,Alina of the Arena,1,6648,6648.0
1166990,Kukoro: Stream chat games,1,6645,6645.0
1369670,Motor Town: Behind The Wheel,1,6622,6622.0
1824220,Chivalry 2,1,6607,6607.0
266840,Age of Mythology: Extended Edition,1,6603,6603.0
218510,Planets Under Attack,1,6544,6544.0
795100,Friday the 13th: Killer Puzzle,1,6539,6539.0
596350,Paladins - Public Test,1,6518,6518.0
705810,Wuxing Master 五行师(CCG),1,6517,6517.0
220160,Trials Evolution Gold Edition,1,6436,6436.0
2511310,Pro Cycling Manager 25,1,6412,6412.0
253250,Stonehearth,1,6380,6380.0
573090,Stormworks: Build and Rescue,1,6358,6358.0
529180,Dark and Light,1,6313,6313.0
47410,Stronghold Kingdoms,1,6301,6301.0
868270,The Cycle: Frontier,1,6212,6212.0
232890,Stronghold Crusader 2,1,6204,6204.0
2418520,Farm Together 2,1,6108,6108.0
3117820,Sultan's Game,1,6077,6077.0
1282590,Train Sim World® 2,1,6028,6028.0
1238860,Battlefield 4™,1,5894,5894.0
1220010,Home Behind 2,1,5860,5860.0
255480,NBA 2K14,1,5771,5771.0
795630,Movavi Video Suite 17,1,5768,5768.0
378120,Football Manager 2016,1,5750,5750.0
113200,The Binding of Isaac,1,5703,5703.0
1113000,Persona 4 Golden,1,5467,5467.0
3669570,Alchemy Factory,1,5435,5435.0
2054970,Dragon's Dogma 2,1,5425,5425.0
2338770,NBA 2K24,1,5268,5268.0
2666510,Rusty's Retirement,1,5266,5266.0
2661300,Grounded 2,1,5215,5215.0
402430,Out of the Park Baseball 17,1,5123,5123.0
1985810,Call of Duty®: Black Ops Cold War,1,5067,5067.0
269950,X-Plane 11,1,5067,5067.0
627690,Idle Champions of the Forgotten Realms,1,5050,5050.0
427100,Fernbus Simulator,1,5045,5045.0
32440,LEGO® Star Wars™: The Complete Saga,1,4951,4951.0
39500,Gothic 3,1,4951,4951.0
2066020,Soulstone Survivors,1,4925,4925.0
2185060,Two Point Museum,1,4894,4894.0
2103530,Idle Clans,1,4809,4809.0
1448440,Wo Long: Fallen Dynasty,1,4783,4783.0
32800,The Lord of the Rings: War in the North,1,4779,4779.0
365360,Battle Brothers,1,4739,4739.0
1716740,Starfield,1,4642,4642.0
1089090,ONE PIECE: PIRATE WARRIORS 4,1,4639,4639.0
115200,Cossacks II: Napoleonic Wars,1,4594,4594.0
1259420,Days Gone,1,4531,4531.0
798290,MXGP PRO,1,4524,4524.0
979920,Supremacy 1914,1,4370,4370.0
2103140,Magicraft,1,4357,4357.0
1863390,N-Age,1,4342,4342.0
1276390,Bloons TD Battles 2,1,4331,4331.0
58550,A Game of Thrones - Genesis,1,4270,4270.0
1030300,Hollow Knight: Silksong,1,4265,4265.0
1771300,Kingdom Come: Deliverance II,1,4220,4220.0
602960,Barotrauma,1,4191,4191.0
1262540,Need for Speed™,1,4120,4120.0
519190,Next Day: Survival,1,4104,4104.0
1097430,Book of Yog Idle RPG,1,4098,4098.0
9200,RAGE,1,4064,4064.0
12120,Grand Theft Auto: San Andreas,1,4027,4027.0
24010,Train Simulator Classic,1,3998,3998.0
434170,The Jackbox Party Pack 3,1,3994,3994.0
314160,Microsoft Flight Simulator X: Steam Edition,1,3934,3934.0
1401590,Disney Dreamlight Valley,1,3934,3934.0
1760250,Madden NFL 23,1,3926,3926.0
681840,Sword and Fairy 5 Prequel,1,3921,3921.0
1184050,Gears Tactics,1,3914,3914.0
1307550,Craftopia,1,3895,3895.0
962130,Grounded,1,3818,3818.0
952070,RESIDENT EVIL RESISTANCE,1,3777,3777.0
214490,Alien: Isolation,1,3749,3749.0
2515020,FINAL FANTASY XVI,1,3742,3742.0
1285190,Borderlands® 4,1,3734,3734.0
1940340,Darkest Dungeon® II,1,3708,3708.0
1360000,The Infected,1,3670,3670.0
288570,Wolfenstein: The New Order German Edition,1,3557,3557.0
973580,Sniper Ghost Warrior Contracts,1,3555,3555.0
738520,Breathedge,1,3516,3516.0
428690,Youtubers Life,1,3487,3487.0
285920,TerraTech,1,3451,3451.0
475150,Titan Quest Anniversary Edition,1,3432,3432.0
310950,Street Fighter V,1,3369,3369.0
3472040,NBA 2K26,1,3342,3342.0
939960,Far Cry New Dawn,1,3296,3296.0
544810,KARDS - The WWII Card Game,1,3292,3292.0
71340,Sonic Generations,1,3249,3249.0
1504570,Cultivation Tales,1,3249,3249.0
371660,Far Cry Primal,1,3240,3240.0
389730,TEKKEN 7,1,3227,3227.0
3059070,The Headliners,1,3216,3216.0
2080690,Sunkenland,1,3167,3167.0
360430,Mafia III: Definitive Edition,1,3150,3150.0
1549970,Aliens: Fireteam Elite,1,3147,3147.0
919370,Overdungeon,1,3113,3113.0
2315040,火炬之光：无限,1,3112,3112.0
2651280,Marvel's Spider-Man 2,1,3096,3096.0
13210,Unreal Tournament 3: Black Edition,1,3081,3081.0
1677110,Lightyear Frontier,1,3065,3065.0
637650,FINAL FANTASY XV WINDOWS EDITION,1,3058,3058.0
831560,WARRIORS OROCHI 4,1,3047,3047.0
678960,CODE VEIN,1,2936,2936.0
817130,WWE 2K19,1,2905,2905.0
2277560,WUCHANG: Fallen Feathers,1,2891,2891.0
3404470,Maltese's Fluffy Onsen,1,2835,2835.0
508440,Totally Accurate Battle Simulator,1,2814,2814.0
874240,MU Legend,1,2797,2797.0
517630,Just Cause 4,1,2793,2793.0
361800,Tree of Life,1,2781,2781.0
1147560,Skul: The Hero Slayer,1,2769,2769.0
1190970,House Flipper 2,1,2744,2744.0
235340,Prime World,1,2729,2729.0
714210,Zula Türkiye,1,2728,2728.0
730310,DYNASTY WARRIORS 9,1,2718,2718.0
379720,DOOM,1,2700,2700.0
905370,Game Migrated to Another Steam Page,1,2672,2672.0
105400,Fable III,1,2625,2625.0
497180,Street Legal Racing: Redline v2.3.1,1,2531,2531.0
485610,Soccer Online: Ball 3D,1,2495,2495.0
286690,Metro 2033 Redux,1,2487,2487.0
3036080,Shawarma Legend,1,2485,2485.0
386940,Ultimate Chicken Horse,1,2482,2482.0
469600,Legion TD 2,1,2475,2475.0
17440,Spore: Creepy & Cute Parts Pack,1,2466,2466.0
1256670,Library Of Ruina,1,2420,2420.0
1313860,EA SPORTS™ FIFA 21,1,2379,2379.0
3159330,Assassin's Creed Shadows,1,2350,2350.0
200710,Torchlight II,1,2324,2324.0
204300,Awesomenauts,1,2265,2265.0
2404880,Car Dealer Simulator,1,2212,2212.0
919640,Steel Division 2,1,2183,2183.0
1449690,The Walking Dead: The Telltale Definitive Series,1,2159,2159.0
41700,S.T.A.L.K.E.R.: Call of Pripyat,1,2146,2146.0
208580,STAR WARS™ Knights of the Old Republic™ II: The Sith Lords™,1,2111,2111.0
1313140,Cult of the Lamb,1,2108,2108.0
571740,Golf It!,1,2096,2096.0
3008130,Dying Light: The Beast,1,2096,2096.0
307950,Caliber,1,2086,2086.0
474750,Reigns,1,2084,2084.0
837470,Untitled Goose Game,1,2054,2054.0
1040200,Crime Scene Cleaner,1,2053,2053.0
2408820,Luma Island,1,2026,2026.0
241600,Rogue Legacy,1,2009,2009.0
208200,DOOM 3: BFG Edition,1,1991,1991.0
843660,Rogue Agent,1,1981,1981.0
20510,S.T.A.L.K.E.R.: Clear Sky,1,1926,1926.0
1048540,Kao the Kangaroo: Round 2,1,1897,1897.0
477770,Ride 2,1,1896,1896.0
320,Half-Life 2: Deathmatch,1,1859,1859.0
976310,Mortal Kombat 11,1,1832,1832.0
1817070,Marvel’s Spider-Man Remastered,1,1777,1777.0
1714040,Super Auto Pets,1,1756,1756.0
65540,Gothic 1 Classic,1,1743,1743.0
3551370,Book Shooter,1,1733,1733.0
2488370,Cash Cleaner Simulator,1,1723,1723.0
583950,Artifact Classic,1,1715,1715.0
433340,Slime Rancher,1,1682,1682.0
365960,rFactor 2,1,1655,1655.0
293180,Overcast - Walden and the Werewolf,1,1633,1633.0
1094520,Sands of Salzaar,1,1633,1633.0
1671200,HonkaiImpact 3rd,1,1607,1607.0
470220,UNO,1,1601,1601.0
1057810,Wolfenstein: Youngblood Deutsche Version,1,1594,1594.0
1735700,Back to the Dawn,1,1573,1573.0
495990,True Love ～Confide to the Maple～,1,1563,1563.0
1846380,Need for Speed™ Unbound,1,1546,1546.0
1328660,Need for Speed™ Hot Pursuit Remastered,1,1544,1544.0
15620,"Warhammer 40,000: Dawn of War II - Anniversary Edition",1,1538,1538.0
35450,Rising Storm/Red Orchestra 2 Multiplayer,1,1533,1533.0
2231380,Ghost Recon Breakpoint,1,1531,1531.0
883710,Resident Evil 2,1,1523,1523.0
268910,Cuphead,1,1522,1522.0
1215180,The beasts of 9500,1,1510,1510.0
1030830,Mafia II: Definitive Edition,1,1495,1495.0
24740,Burnout Paradise: The Ultimate Box,1,1473,1473.0
1266840,The Last Stand: Aftermath,1,1469,1469.0
3445320,Tower of Babel: Survivors of Chaos (Demo),1,1443,1443.0
704850,Thief Simulator,1,1440,1440.0
323470,DRAGON BALL XENOVERSE,1,1364,1364.0
1815780,Asphalt Legends,1,1348,1348.0
212680,FTL: Faster Than Light,1,1346,1346.0
620980,Beat Saber,1,1327,1327.0
212500,The Lord of the Rings Online™,1,1320,1320.0
1207850,Project RTD: Random Tower Defense PvP,1,1302,1302.0
233290,MURDERED: SOUL SUSPECT™,1,1293,1293.0
15170,Heroes of Might & Magic V,1,1289,1289.0
4850,Cossacks: Back to War,1,1283,1283.0
2088570,Tiny Rogues,1,1269,1269.0
788260,Rules Of Survival,1,1248,1248.0
381640,Allods Online RU,1,1246,1246.0
344760,Reign Of Kings,1,1231,1231.0
780210,Freeways,1,1225,1225.0
407250,Pro Evolution Soccer 2016 myClub,1,1178,1178.0
2050650,Resident Evil 4,1,1178,1178.0
824270,KovaaK's,1,1155,1155.0
214420,Gear Up,1,1141,1141.0
216250,Dead Island Riptide,1,1120,1120.0
211500,RaceRoom Racing Experience,1,1116,1116.0
3425460,Console Shop Simulator,1,1088,1088.0
245620,Tropico 5,1,1086,1086.0
8870,BioShock Infinite,1,1086,1086.0
1969870,Battle Teams 2,1,1075,1075.0
1948800,Yi Xian: The Cultivation Card Game,1,1070,1070.0
407510,Devilian,1,1041,1041.0
935270,Great Hero's Beard,1,1040,1040.0
772540,Battle Royale Trainer,1,1033,1033.0
1335200,Action Taimanin,1,1010,1010.0
341000,Mad Games Tycoon,1,984,984.0
1786790,Magical Girl Celesphonia,1,978,978.0
242700,Injustice: Gods Among Us Ultimate Edition,1,976,976.0
1243830,Overcooked! All You Can Eat,1,975,975.0
327030,Worms W.M.D,1,952,952.0
740260,Crimson Imprint plus -Nonexistent Christmas-,1,946,946.0
235460,METAL GEAR RISING: REVENGEANCE,1,899,899.0
256190,Enemy Front,1,899,899.0
1818450,STALCRAFT: X,1,895,895.0
621060,PC Building Simulator,1,854,854.0
275390,Guacamelee! Super Turbo Championship Edition,1,852,852.0
447530,VA-11 Hall-A: Cyberpunk Bartender Action,1,851,851.0
1416920,Chinese Online Game,1,848,848.0
304430,INSIDE,1,843,843.0
3027930,Karate Survivor,1,839,839.0
201210,Pox Nora,1,834,834.0
91310,Dead Island,1,833,833.0
2495450,Winter Memories,1,831,831.0
1190000,Car Mechanic Simulator 2021,1,829,829.0
385070,Atonement: Scourge of Time,1,827,827.0
774171,Muse Dash,1,826,826.0
269790,DreadOut,1,817,817.0
668630,Tricolour Lovestory,1,815,815.0
1442430,Storage Hunter,1,814,814.0
298240,War Trigger 3,1,804,804.0
1057090,Ori and the Will of the Wisps,1,795,795.0
568220,Lobotomy Corporation,1,792,792.0
246280,Happy Wars,1,786,786.0
1659040,HITMAN World of Assassination,1,783,783.0
232010,Euro Truck Simulator,1,782,782.0
1203370,Survival | Classic,1,780,780.0
243930,Bound By Flame,1,769,769.0
337000,Deus Ex: Mankind Divided™,1,765,765.0
429050,Feed and Grow: Fish,1,758,758.0
261030,The Walking Dead: Season Two,1,739,739.0
454890,Project Starship,1,726,726.0
282100,Fearless Fantasy,1,720,720.0
1290000,PowerWash Simulator,1,716,716.0
530550,Bubble Jungle,1,707,707.0
253920,Gorky 17,1,700,700.0
3070070,TCG Card Shop Simulator,1,697,697.0
1178490,ParanormalHK,1,695,695.0
576390,365 Days,1,692,692.0
495420,State of Decay 2,1,687,687.0
219640,Chivalry: Medieval Warfare,1,662,662.0
3478050,Road to Empress I,1,657,657.0
274190,Broforce,1,654,654.0
225080,Brothers - A Tale of Two Sons,1,650,650.0
398680,Ace of Words,1,649,649.0
241930,Middle-earth™: Shadow of Mordor™,1,637,637.0
317470,Cubic Castles,1,637,637.0
327890,I Am Bread,1,635,635.0
474960,Quantum Break,1,635,635.0
582890,Estranged: The Departure,1,633,633.0
22490,Fallout: New Vegas PCR,1,633,633.0
207690,Botanicula,1,631,631.0
1948980,Hero's Adventure: Road to Passion,1,628,628.0
383150,Dead Island Definitive Edition,1,626,626.0
608800,Guns of Icarus Alliance,1,624,624.0
3135200,Legacy of Defense,1,623,623.0
635260,CarX Drift Racing Online,1,622,622.0
619080,SOS,1,619,619.0
289950,Construction-Simulator 2015,1,609,609.0
850500,Slum Ball VR Tournament,1,597,597.0
374280,Hired Ops,1,585,585.0
2183900,"Warhammer 40,000: Space Marine 2",1,581,581.0
644570,Material Girl,1,581,581.0
1563180,Internet Cafe Simulator 2,1,577,577.0
449300,Planar Conquest,1,577,577.0
626680,Kreedz Climbing,1,553,553.0
1222700,A Way Out,1,552,552.0
2421410,Cyber Manhunt 2: New World - The Hacking Simulator,1,552,552.0
1560500,Badlanders,1,551,551.0
501300,What Remains of Edith Finch,1,549,549.0
265300,Lords Of The Fallen,1,546,546.0
1528080,Gas Station Simulator: Prologue - Early Days,1,546,546.0
576730,Spirit of Maya,1,546,546.0
7000,Tomb Raider: Legend,1,540,540.0
255220,GRID Autosport,1,538,538.0
568570,Force of Nature,1,536,536.0
585550,FEMINAZI: The Triggering,1,527,527.0
3830,Psychonauts,1,526,526.0
2087030,Shatterline,1,520,520.0
366760,Adorables,1,518,518.0
263060,Blockstorm,1,514,514.0
283880,Heroine's Quest: The Herald of Ragnarok,1,513,513.0
277950,Deadbreed®,1,511,511.0
2095300,Breakout 13,1,501,501.0
1239260,Barro F,1,499,499.0
1493760,Youtubers Life 2,1,496,496.0
543360,Relaxation balls,1,490,490.0
219150,Hotline Miami,1,490,490.0
448780,Sixtieth Kilometer,1,487,487.0
1273480,The Highrise,1,485,485.0
585030,Warface Turkey,1,485,485.0
422250,ShipLord,1,485,485.0
444220,Asteroid Bounty Hunter,1,485,485.0
505210,Neon Space 2,1,485,485.0
442080,Riders of Icarus,1,479,479.0
370910,Kathy Rain,1,478,478.0
367450,Poly Bridge,1,470,470.0
558660,it's always monday,1,469,469.0
239820,Game Dev Tycoon,1,460,460.0
448000,Sparkle ZERO,1,457,457.0
274170,Hotline Miami 2: Wrong Number,1,455,455.0
265970,Worlds of Magic,1,455,455.0
43160,Metro: Last Light Complete Edition,1,454,454.0
283000,Strategic War in Europe,1,453,453.0
307070,Memories of a Vagabond,1,453,453.0
496640,Strange Night,1,453,453.0
516750,My Summer Car,1,452,452.0
541180,PRO EVOLUTION SOCCER 2017 TRIAL EDITION,1,450,450.0
65930,The Bureau: XCOM Declassified,1,450,450.0
916440,Anno 1800,1,447,447.0
289130,ENDLESS™ Legend,1,445,445.0
385270,Jet Racing Extreme,1,441,441.0
404700,Curvatron,1,440,440.0
914710,Cat Quest II,1,435,435.0
674020,World War 3,1,433,433.0
496350,Supipara - Chapter 1 Spring Has Come!,1,433,433.0
372000,Tree of Savior (English Ver.),1,432,432.0
244930,SNOW,1,430,430.0
387290,Ori and the Blind Forest: Definitive Edition,1,420,420.0
400040,ShareX,1,419,419.0
336420,Bloodsports.TV,1,411,411.0
790650,MARVEL END TIME ARENA,1,411,411.0
272060,Serena,1,408,408.0
326480,If My Heart Had Wings,1,407,407.0
204340,Serious Sam 2,1,402,402.0
266050,Into the Dark,1,402,402.0
338180,Batla,1,398,398.0
386280,Vendetta - Curse of Raven's Cry,1,393,393.0
650760,侠客风云传前传(Tale of Wuxia:The Pre-Sequel),1,388,388.0
587810,Bang Bang Fruit,1,382,382.0
270370,Lambda Wars,1,377,377.0
686060,Mewgenics,1,375,375.0
292120,FINAL FANTASY XIII,1,375,375.0
1755910,Capcom Arcade 2nd Stadium,1,374,374.0
448470,Bacteria,1,374,374.0
104900,ORION: Prelude,1,372,372.0
564310,Serious Sam Fusion 2017 (beta),1,372,372.0
369040,Yargis - Space Melee,1,369,369.0
1018800,DEEEER Simulator: Your Average Everyday Deer Game,1,364,364.0
420300,The Admin,1,354,354.0
362400,Regimental Chess,1,352,352.0
391720,Layers of Fear (2016),1,352,352.0
275530,Z,1,348,348.0
308000,Gold Rush! Classic,1,346,346.0
567160,Katy and Bob: Safari Cafe,1,342,342.0
4042800,Poker Fate - Anime Girls Texas Hold'em,1,341,341.0
610840,JASEM: Just Another Shooter with Electronic Music,1,341,341.0
40390,Risen 2 - Dark Waters,1,341,341.0
400250,Heaven Island - VR MMO,1,338,338.0
574640,Unalive,1,338,338.0
518030,Aim Hero,1,334,334.0
449220,A grande bagunça espacial - The big space mess,1,330,330.0
304030,ArcheAge,1,329,329.0
231060,Ragnarok Online 2,1,327,327.0
698780,Doki Doki Literature Club,1,326,326.0
937310,Infinitode 2,1,323,323.0
558230,Elsword Free-to-Play,1,322,322.0
599750,Crisis in the Kremlin,1,317,317.0
130,Half-Life: Blue Shift,1,317,317.0
259340,Chicken Shoot Gold,1,310,310.0
577670,Demolish & Build 2018,1,304,304.0
96000,The Tiny Bang Story,1,302,302.0
365450,Hacknet,1,302,302.0
253940,Septerra Core,1,301,301.0
858210,Nova Drift,1,298,298.0
1667400,Cute Cats,1,289,289.0
402570,Atlas Reactor,1,280,280.0
1350650,FreshWomen - Season 1,1,277,277.0
584780,Operation swat,1,276,276.0
871720,Ultimate Custom Night,1,275,275.0
12150,Max Payne 2: The Fall of Max Payne,1,274,274.0
240320,Panzar,1,271,271.0
109600,Neverwinter,1,266,266.0
555440,Deathgarden: BLOODHARVEST,1,264,264.0
2524890,Pixel Gun 3D: PC Edition,1,264,264.0
575680,Square n Fair,1,263,263.0
2296990,We Were Here Expeditions: The FriendShip,1,260,260.0
717640,Reigns: Her Majesty,1,260,260.0
596590,Linked,1,254,254.0
285160,LEGO® The Hobbit™,1,247,247.0
200170,Worms Revolution,1,244,244.0
410340,Liftoff,1,241,241.0
1346070,Sign of Silence,1,240,240.0
530890,Haydee,1,234,234.0
1669980,Volcano Princess,1,232,232.0
1140010,MISTOVER Demo,1,231,231.0
994910,"Poker Master - Texas Hold'em, Roulette, Blackjack, Baccarat, Omaha, Slots, Teen Patti",1,230,230.0
12900,Audiosurf,1,218,218.0
323850,Move or Die,1,214,214.0
399790,Destiny Warriors,1,212,212.0
323580,Jotun: Valhalla Edition,1,212,212.0
349720,Audition Online,1,211,211.0
648350,Jurassic World Evolution,1,209,209.0
10680,Aliens vs. Predator,1,201,201.0
658570,FURIDASHI: Drift Cyber Sport,1,201,201.0
1051310,Paper Dolls Original,1,186,186.0
526540,8infinity,1,185,185.0
554800,Masky,1,185,185.0
459820,Crush Crush,1,184,184.0
1183940,Scavengers,1,180,180.0
1117090,Purple Place - Classic Games,1,179,179.0
270150,RUNNING WITH RIFLES,1,175,175.0
343780,Cat Goes Fishing,1,174,174.0
618140,Barro,1,172,172.0
466910,Worm.is: The Game,1,170,170.0
360,Half-Life Deathmatch: Source,1,169,169.0
102700,A.V.A. Alliance of Valiant Arms™,1,167,167.0
3606890,Upload Labs,1,167,167.0
747610,Zula Global,1,165,165.0
2325290,Sky: Children of the Light,1,157,157.0
63380,Sniper Elite V2,1,150,150.0
2728410,Ace Attorney Investigations Collection DEMO,1,149,149.0
34270,SEGA Mega Drive & Genesis Classics,1,149,149.0
1071870,Biped,1,149,149.0
1721110,Abyssus,1,145,145.0
41010,Serious Sam HD: The Second Encounter,1,140,140.0
464920,Surviving Mars,1,138,138.0
950100,PRO EVOLUTION SOCCER 2019 LITE,1,136,136.0
207140,SpeedRunners,1,134,134.0
452280,Factorio Demo,1,131,131.0
204360,Castle Crashers,1,130,130.0
726590,NBA 2K Playgrounds 2,1,130,130.0
91200,Anomaly Warzone Earth,1,126,126.0
905640,CombatArms: Reloaded,1,125,125.0
1330250,Taimanin Collection: Battle Arena,1,123,123.0
435120,Rusty Lake Hotel,1,123,123.0
246620,Plague Inc: Evolved,1,120,120.0
753640,Outer Wilds,1,119,119.0
1274570,DEVOUR,1,115,115.0
286650,MXGP - The Official Motocross Videogame Demo,1,112,112.0
700030,Life is Feudal: MMO,1,111,111.0
258760,Scania Truck Driving Simulator,1,111,111.0
703700,Our End of the World,1,111,111.0
747340,Unforgiving - A Northern Hymn,1,109,109.0
2744880,Climber Animals: Together,1,104,104.0
1602490,Waifus Smash,1,104,104.0
3568460,MustScream,1,100,100.0
977950,A Dance of Fire and Ice,1,98,98.0
439350,Kritika:REBOOT,1,98,98.0
783770,Ironsight,1,96,96.0
2859390,Drive Beyond Horizons Demo,1,93,93.0
345180,Victor Vran,1,84,84.0
410900,Forts,1,82,82.0
974630,Shadow of the Tomb Raider Trial,1,82,82.0
65600,Gothic 3 Forsaken Gods Enhanced Edition,1,79,79.0
585950,WayOut 2: Hex,1,78,78.0
248530,Depth Hunter 2: Deep Dive,1,78,78.0
1436900,Sabotaj,1,75,75.0
571260,THE KING OF FIGHTERS XIV STEAM EDITION,1,74,74.0
2818260,Vigor,1,72,72.0
641320,Cooking Simulator,1,70,70.0
1397920,Mr.Mine,1,70,70.0
201700,DiRT Showdown,1,70,70.0
222900,Dead Island: Epidemic,1,68,68.0
49600,Beat Hazard,1,67,67.0
709410,AZURA,1,66,66.0
374040,Portal Knights,1,65,65.0
1510460,Chicken Invaders Universe,1,65,65.0
3564860,Stellar Blade™ Demo,1,59,59.0
706220,Black Desert SA (Retired),1,58,58.0
674500,Total Tank Simulator,1,58,58.0
1620690,Rubber Bandits: Summer Prologue,1,56,56.0
223710,Cry of Fear,1,54,54.0
996480,eFootball PES 2020 DEMO,1,54,54.0
208090,Loadout,1,54,54.0
321280,Pro Evolution Soccer 2015 Demo,1,54,54.0
283430,Litil Divil,1,52,52.0
65780,Arma: Gold Edition,1,49,49.0
346010,Besiege,1,47,47.0
673560,IOSoccer,1,47,47.0
322190,SteamWorld Heist,1,46,46.0
840140,武侠乂,1,46,46.0
1195460,Last Year,1,45,45.0
1119730,Ranch Simulator,1,45,45.0
433350,BlackShot: Mercenary Warfare FPS,1,45,45.0
1856540,Mirror News Center,1,45,45.0
2878420,Old Market Simulator,1,44,44.0
632300,Hobo: Tough Life,1,44,44.0
339280,Strife,1,43,43.0
453890,Black Rose,1,41,41.0
13140,America's Army 3,1,41,41.0
313340,Mountain,1,40,40.0
457330,High Octane Drift,1,40,40.0
2625510,Don't Shout Together,1,39,39.0
934580,Hell Wedding 夜嫁,1,39,39.0
615050,Burst The Game,1,38,38.0
29800,Caster,1,37,37.0
355180,Codename CURE,1,36,36.0
27940,Dead Horde,1,36,36.0
312990,The Expendabros,1,35,35.0
421040,Plantera,1,35,35.0
369200,Ghost in the Shell: Stand Alone Complex - First Assault Online,1,34,34.0
212800,Super Crate Box,1,34,34.0
2524220,Blade of God 2 Orisols,1,33,33.0
223750,DCS World Steam Edition,1,33,33.0
436520,Line of Sight,1,33,33.0
342150,Games of Glory,1,33,33.0
2918150,ONE PIECE Bounty Rush,1,32,32.0
268050,The Evil Within,1,32,32.0
209870,Blacklight: Retribution,1,31,31.0
51100,Tactical Intervention,1,30,30.0
218470,RaiderZ,1,29,29.0
662320,Metro Conflict: The Origin,1,28,28.0
39000,Moonbase Alpha,1,28,28.0
420290,Blackwake,1,27,27.0
1797880,Lost Light,1,27,27.0
1721470,Poppy Playtime,1,27,27.0
1301720,Escape Room - The Sick Colleague,1,26,26.0
231120,Euro Truck Simulator 2 Demo,1,26,26.0
2180600,Heartwood Online,1,25,25.0
1708480,暖雪 Warm Snow Demo,1,25,25.0
1393410,Seek Girl V,1,24,24.0
636040,Pixel Worlds,1,24,24.0
1448530,Soccer Manager 2021,1,20,20.0
1464930,Seek Girl Ⅶ,1,20,20.0
224580,Arma 2: DayZ Mod,1,20,20.0
317360,Double Action: Boogaloo,1,20,20.0
233410,Final Hours of Tomb Raider,1,19,19.0
446150,GUNS UP!,1,19,19.0
3330,Zuma Deluxe,1,18,18.0
562010,Tanki Online,1,18,18.0
1212830,Seek Girl Ⅳ,1,18,18.0
301050,Night Shift,1,17,17.0
1137460,ALTF4,1,16,16.0
1623660,MIR4,1,15,15.0
1272160,The Life and Suffering of Sir Brante,1,15,15.0
241640,Haunted Memories,1,14,14.0
3064370,Dark Hours: Prologue,1,14,14.0
96300,Ravaged Zombie Apocalypse,1,14,14.0
512470,The Pirate: Caribbean Hunt,1,13,13.0
265630,Fistful of Frags,1,12,12.0
280,Half-Life: Source,1,12,12.0
223730,FLY'N,1,12,12.0
2709570,Supermarket Together,1,11,11.0
1657090,MiniRoyale,1,11,11.0
797430,HD Poker,1,11,11.0
607260,McOsu,1,11,11.0
375230,"Warhammer 40,000: Eternal Crusade",1,11,11.0
770990,Blade Runner 9732,1,11,11.0
568580,GunFleet,1,11,11.0
15120,Tom Clancy's Rainbow Six: Vegas 2,1,9,9.0
313780,Conarium,1,9,9.0
1263370,Seek Girl:Fog Ⅰ,1,8,8.0
879160,Battlerite Royale,1,8,8.0
845070,The Awesome Adventures of Captain Spirit,1,8,8.0
621830,WRC 7,1,8,8.0
757130,Paintball War,1,8,8.0
1582620,Mega Man X DiVE,1,8,8.0
271550,Tribloos 2,1,7,7.0
921060,Modern Combat 5,1,7,7.0
1212620,Pretty Neko,1,6,6.0
1168660,Barro 2020,1,5,5.0
20540,Company of Heroes: Tales of Valor,1,4,4.0
1149660,Seek Girl Ⅱ,1,4,4.0
368230,Kingdom: Classic,1,4,4.0
2071500,Islands of Insight,1,4,4.0
29670,Aion Collectors Edition,1,3,3.0
200260,Batman: Arkham City GOTY,1,3,3.0
950670,Gothic Playable Teaser,1,3,3.0
285330,RollerCoaster Tycoon 2: Triple Thrill Pack,1,3,3.0
261570,Ori and the Blind Forest,1,2,2.0
361620,True Bliss,1,2,2.0
624120,Football Manager Touch 2018,1,1,1.0
449210,Verdict Guilty - 유죄 평결,1,1,1.0
485450,Ninja Stealth,1,1,1.0
615610,Orbt XL,1,1,1.0
1157750,CATGIRL LOVER 2,1,1,1.0
1060670,Taboos: Cracks,1,1,1.0
1191210,Seek Girl Ⅲ,1,1,1.0
1419730,Seek Girl Ⅵ,1,1,1.0
238090,Sniper Elite 3,1,1,1.0
236870,HITMAN™,1,1,1.0
448510,Overcooked,1,1,1.0
223510,Miasmata,1,1,1.0
305500,Trapped Dead: Lockdown,1,1,1.0
438480,Rock 'N' Roll Defense,1,1,1.0
485310,Head Shot,1,1,1.0
517330,Stellar Interface,1,1,1.0
502400,Redactem,1,1,1.0
292620,Pressured,1,1,1.0
253880,Earth 2150 Trilogy,1,1,1.0
1262580,Need for Speed™ Payback,1,1,1.0
374830,Defend The Highlands,1,1,1.0
1140290,Murder by Numbers,1,1,1.0
619700,Steel Rats,1,1,1.0
